[
  {
    "null": "There is no linear association between rank and last-week.",
    "alt": "There is a linear association between rank and last-week.",
    "test": "Pearson correlation test (Spearman if non-normal).",
    "evidence": "EDA observed r=0.93."
  },
  {
    "null": "There is no linear association between last-week and peak-rank.",
    "alt": "There is a linear association between last-week and peak-rank.",
    "test": "Pearson correlation test (Spearman if non-normal).",
    "evidence": "EDA observed r=0.87."
  },
  {
    "null": "There is no linear association between rank and peak-rank.",
    "alt": "There is a linear association between rank and peak-rank.",
    "test": "Pearson correlation test (Spearman if non-normal).",
    "evidence": "EDA observed r=0.82."
  },
  {
    "null": "The mean rank is equal across levels of song.",
    "alt": "At least one group mean of rank differs by song.",
    "test": "One-way ANOVA (or Kruskal-Wallis for non-normal data).",
    "evidence": "Box plots of rank by song show group differences."
  },
  {
    "null": "No temporal trend is present in the selected time-series metric.",
    "alt": "There is a temporal trend in the selected time-series metric.",
    "test": "Trend regression or Mann-Kendall test.",
    "evidence": "rank shows a upward trend over time (linear slope=1.72e-18)."
  }
]